Mean,Std,RMS,Peak,Skewness,Kurtosis,Shape_Factor,Crest_Factor,Impulse_Factor,Margin_Factor,Label_Num,Label_Name
0.00452812273319153,0.19679169618110595,0.19683886616402582,0.6959916298020559,-0.27734702372286846,0.3640425922623205,1.2662662894255092,3.5358445380501533,4.477320743182221,5.304351840252815,0,no Leak
0.005309824884830771,0.18561331537790474,0.18568461021512472,0.6667021650752981,-0.28526937341702685,-0.20646349856250934,1.233029301902984,3.5905084664953706,4.427202147919541,5.176602695024466,0,no Leak
-0.007484761467763946,0.19181456556030851,0.19195574899945342,0.6515741037547035,0.06228328086128089,-0.22346953607312026,1.2385541364396153,3.39439744394714,4.204144994920788,4.932135369639818,0,no Leak
-0.004287505665534469,0.18499989123080327,0.18504494376300384,0.5532603676150641,0.038906839308612884,-0.1280056857323264,1.246281401807291,2.9898702248446836,3.7262196550413127,4.393241414951804,0,no Leak
0.000301883512359381,0.1801502417855949,0.1801459909173184,0.586124409369223,-0.03814515019192116,-0.17020354181708264,1.2403642110706303,3.253607845418201,4.03565872831536,4.735616505378839,0,no Leak
-0.002731601712945554,0.17012286582563566,0.17014054200916243,0.6368061898857855,-0.22232013171291784,-0.04110198277234023,1.2561770962877292,3.742824504764374,4.70165041830947,5.581226374217703,0,no Leak
-0.0015898694135851293,0.20392152008036576,0.2039226197294495,0.7208864756049298,-0.12467224448930127,0.03978655951720533,1.2559488163439227,3.5350981492948277,4.43990233626643,5.235142928806404,0,no Leak
-0.0015928968410846842,0.1976513813325635,0.19765285871848562,0.6259331434387505,0.06498368024666247,-0.3776035630635457,1.2365057072064063,3.1668307126802495,3.9158042499856602,4.605185430531805,0,no Leak
-0.0030027539737193507,0.19370119017179638,0.19371962109668553,0.6658911905280492,0.06286937237457793,-0.04436183395081095,1.246066610249113,3.4373967219133816,4.283225281356021,5.037549663076225,0,no Leak
-0.004620219764565209,0.18791951378575436,0.18797160531570753,0.6511164924563024,-0.15080158066270513,-0.013633829773234574,1.249869168375323,3.4639087715547268,4.329432775631092,5.107357405207776,0,no Leak
-0.0017424415866036209,0.17937673167964185,0.17938071013952295,0.5456341270644481,0.0035778357649091357,-0.3640779026280936,1.2297106176824537,3.0417658991318075,3.740491822666799,4.371605394273333,0,no Leak
0.0018541924549228866,0.17532506963775815,0.17533049115639432,0.5453432863342442,0.09654431966252851,-0.1432655570615542,1.2434420320541582,3.1103733454313973,3.867568953090307,4.534232267525388,0,no Leak
0.0012115360856436639,0.21775306714697198,0.21775099368702755,0.7883029310526997,0.04411092220456108,0.14895283698196993,1.2552884443014791,3.6202035990968824,4.5443997439649415,5.347885240660984,0,no Leak
0.002661481969151835,0.2181911469151853,0.21820192416568304,0.6778103937972815,0.014904895780263152,-0.1907367104599893,1.2411011759524042,3.106344714369305,3.85528807791728,4.526921879212336,0,no Leak
-0.001104533653920582,0.21510322899846585,0.2151006872378673,0.6836955456696405,-0.1989020837492695,-0.042372202106565116,1.2649092382037102,3.1784907544882994,4.02050231889733,4.7948466794095586,0,no Leak
0.0041000698296844,0.19495765813437946,0.19499589383734878,0.7511547538292072,0.011317867339981715,0.02073720900721776,1.2371896251106416,3.852156776469176,4.765848398147318,5.545844212484608,0,no Leak
-0.005898169802159224,0.20036291962263791,0.20044470734281006,0.6818126117067891,0.09463371682157061,0.07364431501311541,1.250521024470761,3.4014996990702318,4.253646888418292,5.021778038251257,0,no Leak
-0.01269382609875855,0.19627017429163324,0.19667533764666018,0.7660731668515904,-0.1313657373208118,0.2881175285499684,1.2560926953852556,3.8951155544875173,4.89262619567326,5.754802557480901,0,no Leak
0.014008177881787168,0.18819124503384646,0.1887071884103032,0.5464620388221724,-0.1300665879548342,-0.19525825112573125,1.2499013042738762,2.8958199389522363,3.6194891186386964,4.283365796859153,0,no Leak
0.019376235534888674,0.17820382991972725,0.17924970201178206,0.7215153854675591,-0.12632749916860508,0.16240768045422005,1.2554599679496874,4.025197126520935,5.053473855453147,5.9548284964687745,0,no Leak
-0.00274953118312633,0.18211722158388374,0.1821334235801889,0.8046037057244452,-0.5417067519164596,1.0120751423040835,1.2891426363777596,4.417660909834035,5.69499503192642,6.816314069976082,0,no Leak
0.000451156705565829,0.17797341942111725,0.17796954187702138,0.5485100730040591,-0.0660209581516837,-0.16224987454162898,1.2452284686958301,3.0820446421280594,3.8378497301693115,4.514902178837102,0,no Leak
-0.0011529139776602112,0.1782268227444243,0.17822609605833556,0.5146706114622682,-0.04179470055670984,-0.06862675384624373,1.254078983430756,2.8877399148877183,3.6214539368748073,4.268961994569633,0,no Leak
-0.00775420529258329,0.18674810087545243,0.1869043529125222,0.7468062183520285,-0.09528864197024751,0.262939084270327,1.274878121852525,3.9956598480162744,5.093979322600533,6.083761103984978,0,no Leak
0.013253955448168372,0.21847779286449143,0.21887399727391763,0.7713849421611478,-0.10168569887392992,0.24832561784888307,1.2624926676156911,3.524333414515982,4.449445094059399,5.260194039540362,0,no Leak
0.00644870898236351,0.1977606283483085,0.19786080083975902,0.6819516915391515,-0.338585412287888,0.49727363086186793,1.291196563298129,3.4466235284847646,4.450268454961999,5.353814439662279,0,no Leak
0.0013980916276536135,0.20083457182238068,0.20083441730195636,0.7815975991487214,0.09123493519543543,-0.07695960665265389,1.2484356668050964,3.8917512727591026,4.858601095246593,5.723528667603327,0,no Leak
0.002517210012759517,0.20967290335119065,0.209682771370578,0.6597143166260877,-0.08981083975812022,-0.08483140777177356,1.2608935391189753,3.1462495097422996,3.967085679290309,4.717046168006788,0,no Leak
0.006433691206595106,0.21499619310486554,0.21508706205621475,0.7772869896543142,-0.036848376015078205,0.3331776895832208,1.2730025529798221,3.613824942437328,4.600408377744877,5.469651989837283,0,no Leak
0.013238989562160321,0.19656766284163024,0.19700808353299637,0.7052103752120493,-0.1785829003065711,0.14302504277855688,1.2641988147878023,3.579601215165039,4.5253276136246186,5.374075327442024,0,no Leak
0.0056356366516612634,0.23196361152230607,0.23202626384762426,0.9421297851695388,0.04551671383656843,0.8036060986038529,1.2969707273774511,4.060444578757912,5.266277758787477,6.325840505813119,0,no Leak
0.005158827089900445,0.20798920639648322,0.20804797643544506,0.8927365665969114,0.05743850601528021,0.9187953936944528,1.280842943214499,4.291012976393536,5.4961136900555045,6.52029493328994,0,no Leak
-0.0007723675414765637,0.21877892387041692,0.21877481772507618,0.8198154982643486,-0.48429470853912304,0.2363290220102363,1.2587305980135968,3.747302851348145,4.7168447590155065,5.548463201517107,0,no Leak
-0.00730702169101663,0.2079181528065944,0.2080413164123559,0.7701613879059944,-0.248239374053256,0.20683642497293508,1.2597465845058944,3.7019636348554337,4.663536044974158,5.498786453877526,0,no Leak
-0.007634765675667882,0.17863376209317078,0.17879237988637525,0.5974498904416568,-0.17206471482011265,0.051934325042881646,1.2691756827253708,3.341584752221227,4.241058109285064,5.0708040135205925,0,no Leak
-0.001435807541694064,0.16547129311156675,0.1654733856239988,0.5827875599092835,-0.1011254570524498,0.191020861217444,1.2593571069137852,3.521941354566454,4.4353818750068275,5.236259607838809,0,no Leak
0.006836959477942159,0.1905653308304492,0.190683175902217,0.6770360683866212,-0.12375354211232144,0.26619500942545704,1.2663782608940233,3.5505810367549557,4.4963786384890385,5.344960207311523,0,no Leak
0.0030695985308779347,0.19419112093149601,0.19421052590989824,0.7770956181081196,0.19450562919896827,0.24319485933615947,1.2505462327794636,4.001305359054762,5.0038173429662125,5.880594075871673,0,no Leak
0.000437625302967686,0.17772843410069206,0.17772452963498156,0.6835444787704692,0.06334495322350585,0.17318963718506186,1.2642848073402413,3.84608967695322,4.862552746240092,5.783805633646285,0,no Leak
0.004943187858431776,0.18009343046806728,0.18015675708053655,0.5874630445467781,-0.027922267528004877,-0.23741280579573898,1.2414360904583739,3.260843801069093,4.048129179994639,4.757046312383195,0,no Leak
0.011061540326206045,0.19719405378100424,0.19749913479869105,0.705743504151766,-0.28832203771003406,0.3148981918031444,1.2730464340195662,3.5734004853799664,4.549104745236753,5.420388398033729,0,no Leak
0.011425277045080147,0.18603352342508547,0.1863793936300812,0.6221481977449248,-0.0658844955765592,-0.04548157808498221,1.2499131719932028,3.338073944911212,4.172302592831836,4.9257579354761525,0,no Leak
-0.0013760478590046376,0.2101635023338195,0.2101627530892236,0.7932595405441102,-0.23486099086383827,0.837757480604334,1.3013271659612933,3.774501089673752,4.911860805942958,5.911825383695296,0,no Leak
0.008351201444470052,0.1868644754294003,0.18704632802186252,0.624365774954458,-0.05327354895073982,-0.015189399427825823,1.2559829081795493,3.3380274371463754,4.1925054080902315,4.964888728969716,0,no Leak
0.0049899876660846115,0.23701355067297547,0.23706014934686653,0.8567118297745054,-0.47672446722585887,0.4017753266032522,1.2718319222921481,3.613900658271181,4.596274221181895,5.471810892571747,0,no Leak
-0.004889243055429979,0.20773348955579374,0.20778582656318978,0.6875368211897315,-0.23486612762423095,0.3330778059099595,1.2770796904398938,3.308872566342462,4.225693952729688,5.04060066078278,0,no Leak
0.006902162148672255,0.20272677660786678,0.2028391749363145,0.7481364634585584,-0.23441338696635872,0.46418933694433484,1.268673639203087,3.6883233413538146,4.679278596033034,5.530150657012522,0,no Leak
0.0022840762259306365,0.1816088043903823,0.18161862720662328,0.5771907614605772,-0.05369621050926265,-0.034101193453631495,1.2529201419393232,3.1780372439657345,3.981826874798004,4.694571351940178,0,no Leak
-0.004055868365391623,0.21338585832512563,0.21341906645171446,0.7330495132713387,0.06501308677471822,-0.06486523561566537,1.245666464915051,3.43478924099403,4.278601771557285,5.018661877019603,0,no Leak
0.0032315891105103582,0.1987054927620724,0.19872680198794143,0.7315709854850019,-0.013843490644789753,0.10853377878279025,1.2527413124068727,3.6812899828649837,4.611704044484553,5.42598730916191,0,no Leak
-0.004986898622101952,0.22817811322298368,0.2282268986103526,1.259056431518658,0.6916579105302822,5.642725661630605,1.5270351400971014,5.516687293149529,8.42417535356649,11.041376104404279,1,0.4mm leak
-0.0027649199206628175,0.15878852281729192,0.15880862404452847,1.0029377784158604,0.926184169348239,7.91883866968252,1.541507971656582,6.3153861098541215,9.735218032429378,12.654244806803142,1,0.4mm leak
-0.00013260304981576497,0.2322959628537902,0.23229019323040823,1.253991473281082,0.6874040389686037,6.201261124621448,1.5399978761174198,5.398383185454799,8.313498640068381,10.820473952978073,1,0.4mm leak
-0.00024576886994325805,0.16106630586940046,0.16106246667367408,0.983576059395174,0.9336109919328319,8.272747286357442,1.538415682665007,6.106798683196506,9.394794865107519,12.020437722429191,1,0.4mm leak
0.0025599264468887887,0.23321266000888313,0.2332208794353391,1.2996160161517587,0.6273653650581092,5.678916803589809,1.4792769893114495,5.572468551264852,8.243224501547804,10.411402219309094,1,0.4mm leak
0.0010192710907128675,0.16206320200756788,0.1620623556981382,0.964371521544217,0.9265315408271455,7.808630287483101,1.4941814284327364,5.950620163392428,8.891306135798342,11.11701225748551,1,0.4mm leak
-0.00013699477361436507,0.23096278174386436,0.2309570482321429,1.2997055250002458,0.6795245541435698,6.047430458758733,1.5366523074576637,5.62747720820309,8.64747583715069,11.399865352072855,1,0.4mm leak
-0.00027195009810744716,0.16054729963202494,0.16054351623226673,0.964406301339103,0.9750622480869278,8.24383036959072,1.5367823747346225,6.007133293030942,9.231656567411505,11.85304725227917,1,0.4mm leak
0.00028396617236012533,0.23285749890676444,0.2328518505469969,1.299630946807726,0.6575866329424709,5.7563395945401155,1.48788326116469,5.581364046516002,8.30441813927758,10.554445916091066,1,0.4mm leak
0.0007936259163073934,0.16197682740382416,0.16197472220464676,0.9643693436186778,0.931811313297353,7.836505953043968,1.497339591695783,5.953826192708307,8.914899680417516,11.168862157615541,1,0.4mm leak
-0.0037157249514834577,0.22834099584201625,0.22836551844251718,1.2975994964827748,0.7971880318581199,6.163005139263934,1.5648215413616258,5.682116570542584,8.891498410112881,12.05311241328839,1,0.4mm leak
-0.0016169065353455437,0.16282709986022653,0.16283105724158947,0.9203704987387802,0.835309123723552,7.0559730631482065,1.5200909290461944,5.652303155983587,8.592014755629826,11.042917340303992,1,0.4mm leak
-0.0020615233103206732,0.2119436740393725,0.21194840135660029,1.079576138853167,0.5521515567033155,4.547694701356777,1.4862146908052014,5.093580003166879,7.5701534294982205,9.732109064812128,1,0.4mm leak
-0.0009005156237973175,0.15186764382465567,0.15186651698178613,0.8370048875153621,0.647011859782091,5.364215937266653,1.4913663064873592,5.511451135840212,8.219592523843579,10.605768269880604,1,0.4mm leak
0.000323566546014419,0.2305133330477464,0.230507797239606,1.2975566693945588,0.7326451979984322,5.779610552461003,1.5197527398315283,5.629122680157267,8.554874616016802,11.245135092317998,1,0.4mm leak
-0.000832976450978169,0.16397172426737253,0.16396974072268689,0.9203543916878624,0.8034780744070503,6.769826455060084,1.4921101731570219,5.612952655968443,8.37514375941924,10.604416054774791,1,0.4mm leak
-0.0027616450730833025,0.23205061748962727,0.23206124921316168,1.2996569024548277,0.699951021532056,5.912461390465717,1.5080238378977158,5.600490848263156,8.44567370310884,10.901488316072932,1,0.4mm leak
-0.0012810572296851844,0.16129272505355324,0.16129378008983822,0.964385865615698,0.9759663429673628,8.066249182636097,1.5149316932822443,5.979064196266895,9.057873847093848,11.471764357568112,1,0.4mm leak
0.00012489397091894504,0.23951075250622747,0.23950479722664225,1.4779339717545183,0.9661548950817263,7.285885276936089,1.5114175703986965,6.170790685064886,9.326641464659678,11.846633953989562,1,0.4mm leak
0.0008821900347477668,0.16842845083785088,0.16842655047154284,1.101285634982841,1.0723705704863638,9.056837754297607,1.4996673843114539,6.538670013127847,9.805830155463179,12.269928591275375,1,0.4mm leak
-0.00041454670192804456,0.24015845595792967,0.24015280971262135,1.4778544796338524,0.9632397787296104,7.184509507476346,1.4957770173930667,6.153808824482735,9.204725809091919,11.57020256598953,1,0.4mm leak
0.0007117666691093444,0.16832536780509882,0.16832266450790492,1.101321443509122,1.0773948267331763,9.091352384196119,1.5049897539959807,6.542918309479356,9.847025016999133,12.377951069214943,1,0.4mm leak
-0.00529638428869427,0.2224173232813671,0.22247481634759675,1.1736102984785868,0.5263464687374589,4.639694416396592,1.476766723383598,5.275250105813896,7.790313813791765,9.95048093732986,1,0.4mm leak
-0.0037057838634713663,0.1557393418294641,0.1557795323217648,0.8597204167038335,0.6259417765894212,5.78933444346716,1.4732805818533763,5.518827819614126,8.1307818612297,10.25247262260369,1,0.4mm leak
-0.0051964316723792795,0.23839703009219915,0.2384476990908253,1.477967961135764,1.0397041978183943,7.564915436637834,1.5312851886791092,6.198289883991719,9.491349494496074,12.20219045784728,1,0.4mm leak
-0.0027282626074706085,0.16785890447758106,0.16787687868994466,1.1012649484724413,1.141384956885265,9.312786880988057,1.5127838792859762,6.559956064625139,9.923795783389183,12.514171045279895,1,0.4mm leak
-0.004149815863876882,0.23417187490289906,0.23420278850580178,1.3478912369908622,0.8384470772599922,6.065648836335905,1.5114555679193145,5.755231377005879,8.69877650943948,11.38671052869814,1,0.4mm leak
-0.002266920387555802,0.16360404805299664,0.16361566292120014,1.0007170550563942,1.025101769788358,7.701748062495284,1.5195278545179614,6.116266848720683,9.293837842295872,11.899721427289359,1,0.4mm leak
-0.0015230742492743957,0.23255769268003607,0.23255686621944677,1.244201363156242,0.7637917890678677,5.467325995641131,1.4783399724402408,5.350095154714465,7.9092595235732475,9.971430138130987,1,0.4mm leak
-0.0022230531788127676,0.16442120319187165,0.16443212066958093,0.9827171232879032,1.0536058322910904,7.261230975994357,1.4705569765794047,5.976430391374868,8.788681407077494,10.99476718345858,1,0.4mm leak
0.0007528534189199596,0.23332665917045492,0.23332204053929845,1.2441869392667302,0.7310412174088485,5.329423198539107,1.4620407531821595,5.332487819800169,7.796314508395331,9.720858909368372,1,0.4mm leak
0.00035780186641654624,0.16500629806317488,0.1650025607945795,0.9827085305085304,1.0001699257859649,7.055077606674084,1.4522469214369325,5.9557168432795216,8.64917145060277,10.657234263494784,1,0.4mm leak
-0.003223905267917895,0.23232594153402947,0.23234250129430536,1.2441950199663077,0.786972417252485,5.523287501809557,1.4845129328597004,5.355003983495474,7.949572669014246,10.075768330129954,1,0.4mm leak
-0.002849788731368884,0.1642485137273683,0.16426912880620584,0.9827163667246158,1.0674225461711742,7.320049025603337,1.477367765261811,5.98235574673292,8.838139540551968,11.123874359722462,1,0.4mm leak
-0.00503313191711252,0.2344013298228749,0.23444950125870626,1.3478814077662942,0.8462418104096849,6.043325874942244,1.5049351874478272,5.7491331844590166,8.652072826616353,11.268654811626517,1,0.4mm leak
-0.0035204136142413353,0.1638183628223353,0.16385209027353217,1.000676142737768,1.040193858546883,7.678777613481968,1.5147640355417549,6.107191803700853,9.250954502401433,11.815772980536636,1,0.4mm leak
-0.004377512696181039,0.22209862138986594,0.22213620562799544,1.1736059589658374,0.5175640698375542,4.673764476855914,1.484821653283536,5.283271836069977,7.844716422379767,10.085045063447795,1,0.4mm leak
-0.0027489035135905052,0.1553378322502864,0.1553582701584912,0.8597198801998371,0.6159476325868846,5.861203996054952,1.4828560158517397,5.533788959691559,8.205812249332567,10.413351764650807,1,0.4mm leak
-0.005199192313787402,0.22229880761324688,0.22235404342847867,1.1736036758935504,0.5258433884477985,4.6548104854746075,1.481019078605178,5.278085605270525,7.816945479917006,10.026838494259293,1,0.4mm leak
-0.00333031655522378,0.15558649366270808,0.15561824334172195,0.8597206610874292,0.6213239204021205,5.8165053956747474,1.4776382479740056,5.524549324204679,8.163285384263776,10.329176085760048,1,0.4mm leak
-0.00498211944629086,0.21753336880684004,0.21758497655008852,1.1257647617862303,0.6476321972207811,4.9355888925639535,1.5145934184990306,5.1739085098417945,7.8363677769225095,10.286557341609422,1,0.4mm leak
-0.0029758483684791293,0.15342028874245195,0.15344531202379436,0.8635954360190614,0.8060797093634033,5.8510252797469064,1.4778918840695168,5.628034018303185,8.317625798917428,10.557642732072638,1,0.4mm leak
-0.00011572155720145786,0.2193927276462498,0.21938727327968036,1.125762065652106,0.5769007902948161,4.626015231492808,1.480730009210428,5.131391847953534,7.5982058982825516,9.771223098199574,1,0.4mm leak
-0.0008611691365254735,0.1543220116905102,0.15432055644120476,0.8636240777972777,0.7611413514897573,5.615296256004559,1.4656560458330865,5.59629966164821,8.202250433388356,10.370157075567167,1,0.4mm leak
-0.004901997164950371,0.21595125202676105,0.21600148397862515,1.2690245239512494,0.8308970519466763,6.319214810392239,1.5576137407510697,5.875073173464068,9.151094702905626,12.2344143480063,1,0.4mm leak
-0.002178890022142822,0.15255830269098458,0.1525700481087185,0.9298246520785096,1.040519358617293,8.390557370525286,1.5656377955102474,6.094411475940117,9.541640948123238,12.482720843823651,1,0.4mm leak
-0.0020029066666309553,0.21432558768578303,0.21432958824925374,1.2690684424233645,0.8204159877211851,6.550351574528721,1.5922216367156345,5.921107079940388,9.427714805991215,12.896335145357215,1,0.4mm leak
-0.0012422510355970854,0.15156816796010492,0.15156946948822206,0.9298435375951704,1.0493438914449116,8.65159784966076,1.584993606161615,6.134768042237064,9.723568122230354,12.818119555954421,1,0.4mm leak
-0.0025008637192413916,0.23313473910805146,0.23314232414555813,1.253967205465886,0.7056686467733388,6.100705325621915,1.5217140107224203,5.3785481038740715,8.184612007009683,10.532434096900943,1,0.4mm leak
-0.0017117178671402868,0.16168262140211442,0.16168764015227935,0.983567088693397,0.9461226765864191,8.138605647611042,1.5163681595375424,6.083130954023831,9.224266088978974,11.608418090209296,1,0.4mm leak
-0.014492413691279373,0.5930737279775474,0.5932359480421295,2.161542652945124,1.2083891960952535,2.6745214454752047,1.5212649630430746,3.643647456090471,5.542953212631463,7.5986593710883525,2,2mm leak
-0.006553158677261678,0.47406414625483667,0.4740975868027998,1.778152258581511,1.7525595815435477,3.217097892400883,1.485364697821404,3.750603901135508,5.571014630257922,7.168911409403392,2,2mm leak
-0.012974642591120966,0.5939195865886089,0.5940464457095798,2.172883276407072,1.1905356445315416,2.580636099944644,1.5125676958696432,3.657766647878172,5.5326196706099156,7.53192925321013,2,2mm leak
-0.0020349156561134335,0.4681989701194825,0.4681916872274544,1.653192111754865,1.6375680198457512,2.7345865086017938,1.4734874283092665,3.531015515343227,5.202906971023212,6.661597171182253,2,2mm leak
-0.020055742172898898,0.5390823325007716,0.5394418073532283,1.7735287478620083,1.06607629836836,1.936108758719648,1.5052327905576275,3.2877109702783858,4.948770358339059,6.895447941158664,2,2mm leak
-0.006940748764138811,0.4133980561342924,0.41344598427288864,1.3906743331169067,1.6008481509458161,2.4473461846653786,1.4585292174280942,3.36361794772933,4.905935053028752,6.29118725678966,2,2mm leak
-0.016211585355414698,0.6083393332821437,0.608540102278131,2.234589044455035,1.1726136962712725,2.6235748503005745,1.5043140114201912,3.6720489513996304,5.523914688211285,7.464615044734565,2,2mm leak
-0.002007137175543687,0.4901960762249111,0.4901879304269772,1.8414708622776628,1.6939589989656871,2.9655593084923337,1.4761535592404282,3.7566630020320027,5.545411461316373,7.142900646737078,2,2mm leak
-0.014958028177407616,0.5675426136651583,0.5677255108782052,1.9735973897853645,1.0834765132021846,2.1768458329449203,1.5007930402772702,3.4763232441896776,5.217241730633969,7.150700435341109,2,2mm leak
-0.0014773535298859713,0.44031858480082225,0.44031005515618776,1.5305393460582593,1.5997653943706862,2.6195863392228107,1.4743231468206384,3.476049043475382,5.124819564279496,6.652458378812452,2,2mm leak
-0.014803921704234158,0.6017781797484335,0.6019452025477751,2.2926124950107365,1.2580409155305305,2.8890657088125318,1.5278836526423245,3.8086730906851556,5.819209353516567,7.960565141099401,2,2mm leak
-0.0003625871677416555,0.47491897042352327,0.4749072357167977,1.783407758707459,1.6926539866430064,3.0568574017132235,1.4839005417494326,3.7552760298875754,5.5724561351688315,7.181693657726978,2,2mm leak
-0.013992117867240961,0.5980665826531006,0.5982152893958033,2.241541549660823,1.1783535449389984,2.7150708890493274,1.5177620657039224,3.7470482439938593,5.687127683096374,7.714204237340061,2,2mm leak
-0.0031449579356360546,0.45886649977849453,0.4588658054988986,1.6429713124464724,1.6656232178196428,2.9263889938736316,1.4672200614463906,3.580505003331341,5.253388770996919,6.6335155231938225,2,2mm leak
-0.015404677079027915,0.6019310281286849,0.602113071317866,2.297041309598241,1.2422692691179809,2.971491451613266,1.52837700388759,3.814966688184706,5.830707356818703,7.970990328493354,2,2mm leak
-0.002492722605928306,0.4740476682629843,0.4740423708825755,1.8230119714929287,1.7449094583677276,3.2571622461850414,1.4718337398869181,3.8456730525982983,5.660191351388094,7.143383178527231,2,2mm leak
-0.014360680431093223,0.5800907603749169,0.5802539910679457,2.0584346774913858,1.1498627410062365,2.39205298899976,1.4998640796493525,3.547471812650316,5.320725545362786,7.1627773159753145,2,2mm leak
-0.0027286223429077495,0.45079301756466555,0.45079000582057366,1.632343230427217,1.606664549596729,2.773624949221161,1.4697505595193214,3.6210723604128274,5.322073127776703,6.8224694414404965,2,2mm leak
-0.016790079418879337,0.5844008774557196,0.5846274164958642,2.148129835562465,1.1886637303500946,2.6620621856578133,1.5165142899786528,3.6743569920786654,5.5722148849702755,7.5746354852851185,2,2mm leak
-0.004311631494053923,0.4595415411084855,0.45955027934830167,1.6519835977529933,1.5985853237823264,2.7542944526700355,1.4557386775167669,3.5947831434151394,5.233064859154721,6.70208447671863,2,2mm leak
-0.018445866547939227,0.5843303161165799,0.5846067877040857,2.020378012645559,1.0642245670598411,2.289299610273547,1.5206720798828643,3.4559605792128214,5.255382761984749,7.258586491280938,2,2mm leak
-0.007259190316243823,0.45486426127830365,0.45491081209122186,1.6112242540031394,1.5900367900360088,2.6007451456828177,1.4526858798407354,3.541846470072568,5.145190355638172,6.559873409332857,2,2mm leak
-0.014066887119378606,0.5923727960231749,0.5925249880849499,2.181021369205083,1.1752368103483932,2.6508595260059016,1.5232206303972295,3.680893486457302,5.606812896866549,7.6333548378639735,2,2mm leak
-0.003302611846942213,0.4667734911445711,0.4667735054667316,1.7264246148020772,1.633339163870952,2.896823035129934,1.4627722422658043,3.698634550981654,5.41025995546121,6.903474718934048,2,2mm leak
-0.015102823498832671,0.5753164895044518,0.5755003118332849,2.059430744325975,1.1038020261375332,2.423658969399445,1.5090443016120567,3.578505001614258,5.40012258097624,7.387914450639551,2,2mm leak
-0.0038924007901323023,0.4434559201659946,0.44346191635418203,1.6043110398644356,1.573270359437344,2.678092116351725,1.466492194715092,3.6176974407495956,5.305325059700046,6.796892736809827,2,2mm leak
-0.015255876205681309,0.5762546148767556,0.5764421215148166,1.994316751636232,1.077126091561508,2.260384983820667,1.4966145470707402,3.4596999025598985,5.177837202670366,7.003588292101739,2,2mm leak
-0.00508390550222708,0.457184134368854,0.4572009710697452,1.627366079484179,1.5793071211480776,2.667344663043397,1.4588573208881204,3.559410811566118,5.192672520501557,6.639288622933092,2,2mm leak
-0.01695151173106641,0.499884773801373,0.5001596211101655,1.688517941328175,0.9861435546178344,1.6693230319220067,1.4574268057640978,3.375958134285816,4.9202118800455,6.574636023714634,2,2mm leak
-0.004871599786136644,0.3961342358982238,0.3961542871388663,1.3251713710756683,1.478116255508864,2.2449606088156777,1.4442309626413217,3.345089057716415,4.83108118994673,6.219319139016763,2,2mm leak
-0.013618413534756445,0.5674999885990154,0.5676491834180978,1.991560987513,1.092699106365781,2.2643110374836066,1.5025028285801207,3.508436276646822,5.271435429554957,7.1343557489874385,2,2mm leak
-0.003868063943241151,0.4309891745588717,0.43099575742944063,1.5173521677283124,1.510926656276687,2.5552351504172828,1.4756192732434752,3.520573327167198,5.195025854434824,6.809305733987588,2,2mm leak
-0.014742612721782117,0.5872017327412303,0.5873720960944782,2.282621748698922,1.1460943022426573,2.7215386057512507,1.542118862130342,3.8861596658683712,5.9929201219857635,8.353868229517387,2,2mm leak
-0.004304397134136337,0.4576311400162395,0.45763994235013594,1.7047410700572565,1.6096580311435578,2.9139349537193455,1.4874964554858943,3.725070546296362,5.541029234050742,7.211755763288795,2,2mm leak
-0.01671028903466105,0.5941888773129599,0.5944089523728266,2.2200243072130457,1.177997406835406,2.844889177631564,1.5457968332625112,3.734843323524839,5.773308982236329,7.971377340609293,2,2mm leak
-0.005715774097586346,0.46066364915996866,0.4606875917376443,1.7668631584173375,1.6205195693341552,3.018768555435188,1.475853049583152,3.8352740340867344,5.660300879193985,7.277161273487552,2,2mm leak
-0.015279023319007221,0.5833590494715251,0.5835445259488551,2.050954777125903,1.06759410580836,2.2340464606737527,1.5033332162388373,3.5146500154225757,5.283690111639101,7.159470079314656,2,2mm leak
-0.004398096343209593,0.4458733864030549,0.44588393086108963,1.5359541070184015,1.50924327857708,2.5030433572145654,1.4502452058994566,3.4447397645664686,4.995717329133744,6.346451072423323,2,2mm leak
-0.01679123666490526,0.5420812878914291,0.5423277382769879,1.7206651263693764,1.0307297117488583,1.77333329818104,1.474296518229912,3.1727404020234085,4.677560127950482,6.336280073670171,2,2mm leak
-0.03004387538320867,0.42075673555006354,0.42181751166501175,1.430985848625587,1.6771167372724356,2.838517499492742,1.4589303656361106,3.39242873767178,4.949317298645939,6.4227541293881725,2,2mm leak
-0.013382833096528142,0.5827873138660192,0.5829263858946508,2.077501378708634,1.1981001270848939,2.6212695634649705,1.509907336758915,3.5639172097522613,5.381184742606301,7.304949873650965,2,2mm leak
-0.004769260546561688,0.4521970473013812,0.452210892533306,1.6681911909373248,1.5918660652113386,2.7972737441965085,1.4583138979547705,3.688967290442833,5.379672268753335,6.908688278885857,2,2mm leak
-0.016677558593201233,0.5829413473107595,0.5831652976081421,2.01829817803541,1.1504401570001905,2.3431033388996214,1.4940625485261545,3.4609366955020797,5.170855899569525,6.99009831442278,2,2mm leak
-0.028833370494081474,0.4577143311923842,0.4586101799049947,1.6107168957043985,1.7605002232864848,3.1591307312876706,1.4559076995531057,3.512169956711544,5.113395282115435,6.594560684745537,2,2mm leak
-0.015995549819113514,0.6027612251090341,0.6029583617914547,2.179178784092653,1.1418433550441272,2.575366865716231,1.5217714846827317,3.614144727370687,5.499902387629157,7.5460857629427895,2,2mm leak
-0.018375410829580927,0.47525321291309564,0.47559644534684753,1.7581575067427644,1.7283782147905422,3.116203213705494,1.458721380607559,3.6967423199737297,5.3925170607424695,6.819145558495415,2,2mm leak
-0.018284362090934928,0.5449735691793273,0.5452665946044853,1.879630840290648,1.0387286525973414,2.109864307548082,1.492209233805954,3.447177690491121,5.143910380320733,6.972356034464522,2,2mm leak
-0.012442354326566846,0.4359886200303469,0.4361552300194441,1.487865692309273,1.6410606773576646,2.6579015482051638,1.4312254184441409,3.4113214514083503,4.88236997173939,6.057175203583333,2,2mm leak
-0.014768680460599558,0.633604968712701,0.6337612306990317,2.5465962454678457,1.245491650851509,3.2241981817256153,1.5332723913589301,4.018226616132669,6.161035932739839,8.38983968580171,2,2mm leak
-0.008749352920336049,0.5013516013678098,0.5014154083184742,1.9366023316771817,1.7466644339672117,3.3040233796719907,1.47618877357508,3.862271281554132,5.701441506331647,7.241873513377655,2,2mm leak
-0.05539779344214662,0.6495888504800957,0.6519305882550516,2.9283369677571183,1.931635676531261,5.4065971106798525,1.5299981162266791,4.491792562755898,6.872434159497531,9.070799972121867,3,4mm leak
-0.06374985232909888,0.7582882479385187,0.7609443873111242,2.9741188391606825,1.8827273948799492,3.7753504832808433,1.4505363188774878,3.908457554526474,5.669359633631739,7.512506800389375,3,4mm leak
-0.061209341435438464,0.6146791218196507,0.6177039054100248,2.5003224613795023,1.7326506519097646,4.768787987841835,1.597561099801275,4.047768582132918,6.466557627813312,9.029580180899764,3,4mm leak
-0.06825592995016712,0.6979305542141115,0.7012428788415993,2.089122346077148,1.3683851157460685,1.3883774109696772,1.361585055025981,2.9791708537963646,4.056394510898122,5.2356787503225,3,4mm leak
-0.04080097814283864,0.559156642169518,0.5606293227188341,2.069512297825084,1.1760229664193385,3.0581787065869,1.6182632630964329,3.691409303724526,5.973672065269783,9.38710698000717,3,4mm leak
-0.04423591901570076,0.6180291907666877,0.6195948669629684,1.637446359137301,1.1568754208437768,0.7141771354743534,1.3755443436979835,2.64276940698924,3.635246509482123,5.000322667853121,3,4mm leak
-0.043306357659154575,0.5708672203237083,0.5724932570647954,2.094257215337972,1.315080088533748,3.3567003322435705,1.58536762806923,3.6581342915292048,5.7994876849203685,8.803158583588623,3,4mm leak
-0.04622133008537171,0.631227557656642,0.6329018237361564,1.7501797726635009,1.2664811980058124,1.0419587815254117,1.3870413998398818,2.7653258483785224,3.8356214357483545,5.246890103691799,3,4mm leak
-0.048975390871685405,0.559865578370919,0.5619896638572153,2.069510769056102,1.2144203252234198,3.0974657757991437,1.5890154015318232,3.6824712306130647,5.851503501142006,8.875293870687484,3,4mm leak
-0.054495778751386954,0.6194417134293614,0.6218188167273537,1.6374404838761396,1.1968357595469388,0.758690136949506,1.3506776968344716,2.6333080309374126,3.556750426282262,4.72682227378963,3,4mm leak
-0.04986805207476591,0.5715394906527819,0.5736966786760266,2.094255123948543,1.3440367420591866,3.3880246256712923,1.56204700749419,3.650457117481752,5.702185616348237,8.403638015395536,3,4mm leak
-0.053365697113681776,0.6323364679249192,0.6345686045068398,1.7501849708948838,1.2924093129196055,1.0717159155383111,1.3692640298519143,2.7580705355807105,3.776526776165071,5.059630310968052,3,4mm leak
-0.06295572115600719,0.6251920210949456,0.6283382391784651,2.5786495708819737,1.8500430499631826,4.8883570220761925,1.5267325302629051,4.103919529477446,6.265587447234453,8.511390087775718,3,4mm leak
-0.06710747166221649,0.6938205497967718,0.697041102608321,2.242676879362849,1.564093606399038,2.0689545451945985,1.3941978700821391,3.2174241532827463,4.485725901657635,5.8492401164366505,3,4mm leak
-0.059499240192193575,0.6193222572716764,0.6221583720666428,2.530091212590956,1.8162553931408922,4.8394011500671645,1.5466788336330792,4.066635323393099,6.289778778796719,8.65546477556511,3,4mm leak
-0.06595179828235229,0.6862470582666987,0.6893918464306964,2.141964250162949,1.5388483326850768,1.9302818884329351,1.3892300312565968,3.1070344989615095,4.316385634107623,5.654810302247187,3,4mm leak
-0.06698332131626548,0.6382369864795552,0.6417264595780016,2.823870512835525,2.0197482707037677,5.564093512885249,1.5258125207057007,4.400427114525554,6.714226787795949,8.855707745599652,3,4mm leak
-0.06593544438453243,0.7119691269570388,0.7149980248673887,2.4885449534267656,1.7128107146844505,2.685865325677746,1.4080207267566673,3.480492066937273,4.900604969559835,6.3375298147590575,3,4mm leak
-0.06115502311984219,0.6304437396436667,0.6333872218029324,2.6677376754703688,1.874170371620993,5.090803173157992,1.5320408963806527,4.211859007633074,6.452740249483101,8.680531240957967,3,4mm leak
-0.06370916473933583,0.7038716074698795,0.7067314381800388,2.351159165030975,1.5910451680941577,2.2365997228576084,1.4005598277398137,3.3268070981611273,4.6593923763241385,6.12263098366533,3,4mm leak
-0.06202249379104258,0.6302238361821083,0.6332527254769365,2.6677380674399283,1.8799603066844834,5.112321060303483,1.5348085124192776,4.212754181880089,6.465770979079471,8.73245173615415,3,4mm leak
-0.06412033780952989,0.703818178737752,0.7067154154545509,2.3511548517182805,1.5931302029721561,2.24190019189093,1.4012146871750042,3.3268764205547234,4.661668102897485,6.134356187544382,3,4mm leak
-0.06297614330351363,0.6006945793762993,0.6039717962111883,2.4030344679025104,1.707082489870146,4.518496106195384,1.539659330497044,3.978719673629017,6.12587286893507,8.45163213884928,3,4mm leak
-0.06648980393013278,0.6632775297949544,0.6665853123970611,2.031023937149547,1.449188160207735,1.570254743483356,1.3649941544827973,3.0469077241530016,4.159011232717331,5.357417307717105,3,4mm leak
-0.06094531397945857,0.6289710028551244,0.6319011580164371,2.661722478584909,1.8858809317856857,5.121346249647345,1.5339389077738745,4.212244976635526,6.461326458736289,8.716831813402106,3,4mm leak
-0.06573450938181802,0.6954831684727654,0.6985654432554648,2.284212599140217,1.6038833996972601,2.2254612180785864,1.4021372081617065,3.2698620024708016,4.584795179218457,6.013923139183789,3,4mm leak
-0.05962906763209273,0.6358056715300927,0.6385798816232057,2.728750937441156,1.8967142038265097,5.047255015084465,1.5032215126220598,4.2731551932155245,6.423498813214251,8.530781614833394,3,4mm leak
-0.06429799959525515,0.7062070046661977,0.7091104496302972,2.430876949549912,1.6717729246280082,2.5578277295695795,1.4136306076982665,3.428065332864968,4.846018079727266,6.369374832443739,3,4mm leak
-0.057887522864729826,0.6002789152249837,0.6030486917557276,2.4229930176567005,1.6551236196202035,4.368537147446789,1.5390675769356523,4.01790610075341,6.183829006841526,8.671218844479538,3,4mm leak
-0.06109675882164909,0.6545080443020042,0.6573371851306923,1.9809181441997368,1.3679123240418989,1.3716686229087074,1.364180206943029,3.01354949789717,4.111024577674423,5.405539116588986,3,4mm leak
-0.07333205989188325,0.5690726434696872,0.5737639517866971,2.686612510620192,2.91139269462198,8.28280585792998,1.4679052565977413,4.682435176093058,6.87337120866517,8.137317625861284,3,4mm leak
-0.06439078973407038,0.835444105032402,0.8379010252370722,3.049194748275009,1.884309752524699,3.9727465280581784,1.5326996984895722,3.639087023926582,5.577627584349587,7.639128556279245,3,4mm leak
-0.07333205989188325,0.5690726434696872,0.5737639517866971,2.686612510620192,2.91139269462198,8.28280585792998,1.4679052565977413,4.682435176093058,6.87337120866517,8.137317625861284,3,4mm leak
-0.06439078973407038,0.835444105032402,0.8379010252370722,3.049194748275009,1.884309752524699,3.9727465280581784,1.5326996984895722,3.639087023926582,5.577627584349587,7.639128556279245,3,4mm leak
-0.042903487583117524,0.5297325434846823,0.5314538983253057,1.776095173360157,1.5650170502537804,2.5893256513034686,1.4575460060967163,3.341955302156802,4.871053603212391,6.6502314635349045,3,4mm leak
-0.06984368280585769,0.7316212135819247,0.7349292324509656,2.207349605561461,1.1661002693076017,1.1337062343504343,1.399073686614244,3.0034859250325647,4.202098125829303,5.542515381940064,3,4mm leak
-0.04274072611700648,0.537760750353917,0.5394431712043314,1.7168819640854134,1.3338959367842609,1.9778741140368359,1.4516096889599914,3.182692924358272,4.620027885982877,6.385701175028007,3,4mm leak
-0.07049319523525684,0.7512496442082397,0.7545310462108811,2.0914631067761635,1.310582561595477,1.4422204797669718,1.4285654858583008,2.7718715051940066,3.959799963554256,5.313490470294126,3,4mm leak
-0.040539836845250546,0.5519325095146785,0.5534055854035603,1.759772097709046,1.307778449503141,2.242418775674053,1.479037872209894,3.179895801784809,4.703186320520979,6.664704456075815,3,4mm leak
-0.07032644776933178,0.8036952718163354,0.8067463064007724,2.566511367780536,1.668915053702316,2.789241865482337,1.5113123110180875,3.181311581370357,4.807955358109441,6.787581696364073,3,4mm leak
-0.052014588927038675,0.37593128035059864,0.3795033317257068,0.7593793154385741,-0.1351976686778554,-1.1062544036071567,1.1964821524070668,2.000981946549628,2.3941391863353814,2.777034132198994,3,4mm leak
-0.031166834292008592,0.37229733513790936,0.3735903465633002,0.8285869372484839,0.6503490228398862,-0.5470661605153508,1.232092154492319,2.217902429414327,2.732660182710846,3.309732726370995,3,4mm leak
-0.0626663492451504,0.3049465460222194,0.31131144797260535,0.6039028043937346,-0.04182324676631603,-1.2429605957695538,1.1792726987437367,1.9398669991952129,2.2876321913448527,2.6454307044028327,3,4mm leak
-0.02801563877546135,0.2997406628918121,0.3010396133128837,0.5321249392596238,0.39885158581986724,-1.0772648332842603,1.1626202070483276,1.7676243116435408,2.055075743186671,2.3355252630333045,3,4mm leak
-0.06031222392111748,0.40103003549143035,0.4055300389195609,0.8184567019283812,-0.06699145071264567,-1.001676026771813,1.221164956955624,2.0182393987606093,2.4646032285136443,2.9327947710925004,3,4mm leak
-0.04610283918793746,0.4144063760243936,0.4169526707416987,0.9036305896460468,0.7136210037556733,-0.5301357187937197,1.2081087662121304,2.1672258101587842,2.618244499614013,3.088737578335276,3,4mm leak
-0.052677078676421345,0.42145224939876785,0.4247210755792994,0.8519527470140474,-0.04270211215678432,-0.8288028607243803,1.2590976344257787,2.0059111638197478,2.525638001233705,3.104640517377618,3,4mm leak
-0.03440426821838247,0.4247229443763588,0.42610352459512935,1.016845238139244,0.8284220908590071,-0.17087819308699448,1.267160845198566,2.386380725447929,3.023928217024165,3.7241008120824977,3,4mm leak
-0.05972438249543007,0.3479871451404317,0.3530665663791875,0.6991728689853844,-0.07751839497589005,-1.163060135059543,1.19820452288554,1.9802862563726429,2.372787948993775,2.7785240928019244,3,4mm leak
-0.03048848195212189,0.3470624132910454,0.3483903609964164,0.7172599834274479,0.5894084908220079,-0.72762358337613,1.200532654305628,2.058782514464646,2.471635636728257,2.8944220073878815,3,4mm leak
